時間,早班,中班,夜班,休假者,備註
,東/西區,東/西區,東/西區,,
1/四,大神,老山東,鍋貼,JOJO,
2/四,大神,老山東,鍋貼,JOJO,
3/四,大神,老山東,鍋貼,JOJO,
4/四,大神,老山東,鍋貼,JOJO,
5/四,大神,老山東,鍋貼,JOJO,
6/四,大神,老山東,鍋貼,JOJO,
7/四,大神,老山東,鍋貼,JOJO,
8/四,大神,老山東,鍋貼,JOJO,
9/四,大神,老山東,鍋貼,JOJO,
A/四,大神,老山東,鍋貼,JOJO,
B/四,大神,老山東,鍋貼,JOJO,
C/四,大神,老山東,鍋貼,JOJO,
D/四,大神,老山東,鍋貼,JOJO,
E/四,大神,老山東,鍋貼,JOJO,
F/四,大神,老山東,鍋貼,JOJO,
姓名,大神,鍋貼,老山東,JOJO,
電話,098765432,012345678,987654321,123456789,